[{"@type":"mappingTemplate","id":"@1","name":"m_t_rowe_target_field_order_repro_02704070","description":"","bundleVersion":"0","templateId":"@3","deployTime":1591990853000,"hasParameters":false,"valid":true,"fixedConnection":true,"hasParametersDeployed":false,"fixedConnectionDeployed":true,"isSchemaValidationEnabled":false,"tasks":0,"mappingPreviewFileRecordId":"@2","documentType":"","references":[{"@type":"reference","refObjectId":"@9wM4luwdOc5cViBroc6Xyh","refType":"connection"},{"@type":"reference","refObjectId":"@hRyscG2lcABd5jmM29XuO1","refType":"connection"}]}]