[{"@type":"mappingTemplate","id":"@1","name":"M_Box_delete_repro","description":"","autoExpireObject":false,"bundleVersion":"0","assetFrsGuid":"2UQR8EZ9FfUenhbBHwDxUd","templateId":"@3","deployTime":1747243618000,"hasParameters":false,"valid":true,"fixedConnection":true,"hasParametersDeployed":false,"fixedConnectionDeployed":true,"isSchemaValidationEnabled":false,"tasks":3,"mappingPreviewFileRecordId":"@2","documentType":"MAPPING","allowMaxFieldLength":false,"references":[{"@type":"reference","refObjectId":"@28Bdr7hEqcSgc9fLR2tSg0","refType":"connection"},{"@type":"reference","refObjectId":"@6NEutcgoOO6ljl9zr84zUz","refType":"connection"}]}]