[{"@type":"mappingTemplate","id":"@1","name":"m_SFTP_Daily_Files_Demographic","description":"Transfers Daily Demographic File from Informatica QA Server to MFT QA","bundleVersion":"0","templateId":"@3","deployTime":1695405908000,"hasParameters":false,"valid":true,"fixedConnection":true,"hasParametersDeployed":false,"fixedConnectionDeployed":true,"isSchemaValidationEnabled":false,"tasks":1,"mappingPreviewFileRecordId":"@2","documentType":"MAPPING","references":[{"@type":"reference","refObjectId":"@2kLDukcOduAbKNoPdxTYEA","refType":"connection"},{"@type":"reference","refObjectId":"@izpH58qXV6zicHXCCyQcYn","refType":"connection"}]}]