[{"@type":"mappingTemplate","id":"@1","name":"m_StagingDB_nCino_Loan_Upsert","description":"This mapping is to load Booked and In-Progress Loan Data from StagingDB to nCino\nSource : LLC_BI__Loan__c  (staging DB)\nTarget: LLC_BI__Loan__c  (nCino)\nCreated On: 01-10-2020\nCreated By: D80504\nCreated By: D80504\nLast Modified on:\nLast Modified By:","autoExpireObject":false,"bundleVersion":"0","assetFrsGuid":"0OTVJLDomhahufzVNv4eyh","templateId":"@3","deployTime":1749593617000,"hasParameters":true,"valid":true,"fixedConnection":true,"hasParametersDeployed":true,"fixedConnectionDeployed":true,"isSchemaValidationEnabled":false,"tasks":0,"mappingPreviewFileRecordId":"@2","documentType":"","allowMaxFieldLength":false,"references":[{"@type":"reference","refObjectId":"@28Bdr7hEqcSgc9fLR2tSg0","refType":"connection"}]}]