[{"@type":"mappingTemplate","id":"@1","name":"m_SFTP_Daily_Files_Travel","description":"This mapping sends Daily travel file from informatica QA server to MFT QA server","bundleVersion":"0","templateId":"@3","deployTime":1695405909000,"hasParameters":false,"valid":true,"fixedConnection":true,"hasParametersDeployed":false,"fixedConnectionDeployed":true,"isSchemaValidationEnabled":false,"tasks":1,"mappingPreviewFileRecordId":"@2","documentType":"MAPPING","references":[{"@type":"reference","refObjectId":"@8eHCydEloIzgk6kDbeBcyu","refType":"connection"},{"@type":"reference","refObjectId":"@2kLDukcOduAbKNoPdxTYEA","refType":"connection"}]}]