[{"@type":"mappingTemplate","id":"@1","name":"m_freddie_s3_to_mongo_collection","description":"test change\n\n","bundleVersion":"0","templateId":"@3","deployTime":1697050440000,"hasParameters":false,"valid":true,"fixedConnection":true,"hasParametersDeployed":false,"fixedConnectionDeployed":true,"isSchemaValidationEnabled":false,"tasks":2,"mappingPreviewFileRecordId":"@2","documentType":"AT_SCALE_MAPPING","references":[{"@type":"reference","refObjectId":"@1GgzbEjVqwufopwajAKJey","refType":"connection"},{"@type":"reference","refObjectId":"@8MJh7a5BacijkzpxZbohac","refType":"connection"}]}]